公司全名,公司简称,公司规模,融资阶段,区域,职位名称,工作经验,学历要求,工资,职位福利
北京粉笔蓝天科技有限公司,粉笔网,150-500人,不需要融资,朝阳区,Python开发工程师,1-3年,本科,25k-40k,"技术大牛多,福利待遇好"
绫致时装（天津）有限公司,绫致时装（天津）有限公司,2000人以上,不需要融资,朝阳区,python开发工程师,3-5年,大专,15k-25k,大平台
北京奇艺世纪科技有限公司,爱奇艺,2000人以上,上市公司,海淀区,Python高级开发工程师,3-5年,本科,20k-40k,"互联网大厂,成长空间,超强团队,氛围浓厚"
图玛深维医疗科技（北京）有限公司,图玛深维,50-150人,B轮,朝阳区,Python/Golang开发工程师,3-5年,本科,15k-30k,"技术大牛,AI,弹性工作,氛围良好"
上海海知智能科技有限公司,海知智能,50-150人,A轮,海淀区,Python开发工程师,3-5年,本科,20k-40k,"创新前沿,技术大牛,成长空间大,工作弹性"
北京旷视科技有限公司,Face++,500-2000人,C轮,海淀区,高级Python开发工程师,3-5年,本科,25k-50k,大牛多
北京启明合心科技有限公司,合心科技,50-150人,A轮,海淀区,中级python开发工程师,不限,本科,20k-35k,"领导好,不打卡,午晚餐,年底双薪"
北京点石经纬科技有限公司,新东方教育行业研究院,150-500人,B轮,海淀区,高级python工程师,5-10年,大专,20k-30k,"机会多多,平台好,领导好"
北京闪银奇异科技有限公司,闪银奇异,500-2000人,D轮及以上,朝阳区,Python工程师,3-5年,本科,20k-40k,"七险一金,核心项目,高新企业,大牛同事"
北京智分科技有限公司,NewsJet,50-150人,不需要融资,海淀区,高级Python开发工程师,3-5年,本科,25k-45k,"Geek范,清华系,福利待遇好,股票期权"
车好多旧机动车经纪(北京)有限公司,瓜子二手车直卖网,2000人以上,C轮,海淀区,Python开发工程师,3-5年,本科,20k-40k,最高19薪 独角兽公司 学习型团队
北京汉迪移动互联网科技股份有限公司,iHandy,150-500人,不需要融资,海淀区,高级Python工程师,3-5年,本科,25k-50k,"硅谷氛围,高手如云,零食水果,六险一金"
北京智者天下科技有限公司,知乎,500-2000人,D轮及以上,海淀区,Python 开发工程师,1-3年,本科,18k-36k,"弹性工时,一日三餐"
北京慕华信息科技有限公司,学堂在线,150-500人,B轮,海淀区,Python工程师,5-10年,硕士,25k-40k,"五险一金,交通补,免费早餐,定期体检"
北京数美时代科技有限公司,数美,150-500人,B轮,朝阳区,python研发工程师,1年以下,硕士,15k-30k,"飞速发展,技术氛围浓,待遇好,发展快"
北京好巧国际旅行社有限公司,好巧,150-500人,B轮,朝阳区,Python高级研发工程师,3-5年,本科,20k-35k,"六险一金,弹性不打卡,水果零食,B+轮融资"
北京点石经纬科技有限公司,新东方教育行业研究院,150-500人,B轮,海淀区,Python工程师,3-5年,大专,15k-30k,"机会多多,K12,平台好"
贝壳找房（北京）科技有限公司,贝壳,2000人以上,C轮,海淀区,Python开发工程师,1-3年,本科,25k-50k,"15薪,13天年假,免费三餐,逢假必过"
北京旷视科技有限公司,Face++,500-2000人,C轮,海淀区,Python 高级开发工程师,3-5年,本科,20k-40k,"人工智能,黑科技,大牛多"
锐波（北京）科技有限公司,波场TRON,150-500人,不需要融资,海淀区,高级 Python 工程师,3-5年,本科,20k-40k,"区块链技术,国际化团队,技术大牛,发展前景好"
车好多旧机动车经纪(北京)有限公司,瓜子二手车直卖网,2000人以上,C轮,海淀区,Python,3-5年,本科,25k-30k,"核心项目,中间件团队,底层方向,等你来挑战"
路书（北京）科技有限公司,路书,50-150人,A轮,朝阳区,python研发工程师,3-5年,本科,18k-30k,"期权分享,高颜值产品,年度旅游,弹性工作制"
联想（北京）有限公司,联想集团,2000人以上,上市公司,海淀区,Python 开发,1-3年,本科,10k-15k,稳定
上海蔚来汽车有限公司,NIO蔚来,2000人以上,D轮及以上,朝阳区,python,3-5年,本科,20k-40k,"六险一金,弹性办公,租房补贴,学霸团队"
北京汉迪移动互联网科技股份有限公司,iHandy,150-500人,不需要融资,海淀区,Python开发工程师,1-3年,本科,15k-30k,"硅谷氛围,高手如云,零食水果"
北京完美创意科技有限公司,更美APP,150-500人,D轮及以上,朝阳区,高级Python开发工程师,3-5年,本科,25k-45k,"弹性工时,出国游,扁平化团队,带薪年假"
北京修齐治平科技有限公司,爱云校,500-2000人,C轮,朝阳区,基础架构师-golang/C++/python,3-5年,本科,20k-40k,"六险一金,午餐补助,提供晚餐,每日下午茶"
北京果壳互动科技传媒有限公司,果壳网,150-500人,C轮,朝阳区,高级Python开发工程师,3-5年,本科,20k-40k,"八险一金,免费三餐,不加班,弹性工作"
北京弥财投资咨询有限公司,弥财,50-150人,A轮,朝阳区,高级Python开发工程师,5-10年,本科,20k-40k,"金融科技,行业先驱,技术大牛,优秀同事"
进化时代科技（北京）有限责任公司,进化时代,少于15人,A轮,海淀区,高级Python开发工程师,3-5年,硕士,20k-40k,"牛津大牛,数据驱动,激励丰厚,七险一金"
北京好巧国际旅行社有限公司,好巧,150-500人,B轮,朝阳区,Linux C++/Python中高级研发工程师,5-10年,本科,25k-35k,"弹性工作,六险一金,百万医疗,B+轮融资"
博飞信息科技（上海）有限公司,博飞,15-50人,天使轮,朝阳区,金融云平台Python开发工程师,3-5年,本科,10K-20K,"弹性工作制,年底分红,期权奖励"
小小黛朵（北京）科技有限公司,花生米富,150-500人,B轮,海淀区,python高级工程师,5-10年,本科,25k-30k,"团队氛围好,高速发展,福利多多"
北京思维造物信息科技有限公司,罗辑思维,150-500人,D轮及以上,朝阳区,Python开发工程师,3-5年,本科,25k-50k,"大咖云集,技术氛围好"
北京三快在线科技有限公司,美团点评,2000人以上,D轮及以上,朝阳区,服务端高级开发工程师Golang/Python,3-5年,本科,35k-45k,"优厚待遇,技术导向"
北京猫起来科技有限公司,猫起来科技,少于15人,天使轮,朝阳区,python实习,不限,本科,4k-8k,全程参与打造一家有趣务实不失理想的公司。
北京优虎商务服务有限公司,老虎证券,150-500人,C轮,朝阳区,Python开发工程师,1-3年,本科,20k-40k,"六险一金,超多假期"
北京启明合心科技有限公司,合心科技,50-150人,A轮,海淀区,Python开发工程师,1-3年,本科,20k-35k,"大数据处理,自由度大,有挑战,公司午晚餐"
上海基分文化传播有限公司,趣头条,500-2000人,上市公司,海淀区,python开发工程师,5-10年,本科,20k-40k,"五险一金,补充医疗,带薪年假,上市公司"
北京凌云雀科技有限公司,灵雀云,150-500人,B轮,海淀区,Python,不限,本科,13k-25k,"前沿科技,靠谱团队,工程师文化,H1B计划"
北京小龙虾科技有限公司,聚宽 JoinQuant,50-150人,B轮,朝阳区,Python,3-5年,本科,40k-60k,"免费中晚餐,下午茶,六险一金,扁平化管理"
路书（北京）科技有限公司,路书,50-150人,A轮,朝阳区,高级python研发工程师,5-10年,本科,25k-40k,"优秀团队,高颜值产品,年度旅游,扁平化管理"
银客未来科技（北京）有限公司,INK 银客集团,500-2000人,C轮,海淀区,python开发工程师,5-10年,大专,20k-30k,"七险一金,绩效奖金"
北京步鼎方舟科技有限公司,微车,150-500人,C轮,海淀区,Python高级开发工程师,3-5年,本科,20k-30k,一日三餐、带薪年假、弹性工作、六险一金
北京首都在线科技股份有限公司,CDS,150-500人,上市公司,海淀区,python研发工程师,5-10年,本科,15k-30k,"薪酬福利好,云计算公司"
北京好巧国际旅行社有限公司,好巧,150-500人,B轮,朝阳区,Python研发工程师,3-5年,大专,18k-30k,"弹性工作,百万医疗,10天年假,高速增长"
北京启明合心科技有限公司,合心科技,50-150人,A轮,海淀区,高级python后端工程师,3-5年,本科,20k-35k,"领导好,不打卡,氛围好"
北京步鼎方舟科技有限公司,微车,150-500人,C轮,海淀区,Python开发工程师,3-5年,本科,10k-18k,"一日三餐,六险一金,14薪,定期团建"
北京右划网络科技有限公司,右划,50-150人,A轮,朝阳区,高级python开发工程师,3-5年,本科,30k-60k,"短视频,大牛云集,工程师文化,一年15薪"
绫致时装（天津）有限公司,绫致时装（天津）有限公司,2000人以上,不需要融资,朝阳区,高级零售系统工程师 （Python工程师）,3-5年,本科,15k-20k,"大平台,新零售系统"
北京国双科技有限公司,Gridsum 国双,500-2000人,上市公司,海淀区,高级python开发工程师,3-5年,本科,20k-30k,"上市公司,技术领先,福利待遇好"
爱笔（北京）智能科技有限公司,Aibee,50-150人,天使轮,海淀区,Python开发工程师,3-5年,本科,18k-36k,"初创公司,技术驱动"
上海一起作业信息科技有限公司,一起科技,500-2000人,D轮及以上,朝阳区,python高级开发工程师（技术）,3-5年,本科,25k-50k,"独角兽,待遇好,工作环境好"
炫一下（北京）科技有限公司,一下科技,500-2000人,D轮及以上,朝阳区,Python研发工程师,3-5年,本科,35k-55k,"硕士最好,不加班,18薪,有期权"
北京市商汤科技开发有限公司,商汤科技,2000人以上,C轮,海淀区,算法开发工程师（Python）,1-3年,本科,20k-40k,"AI独角兽,公司前景好"
乐飞天下信息技术(北京)有限公司,乐飞天下,50-150人,未融资,朝阳区,Python中级开发工程师,5-10年,大专,17k-34k,"福利好,带薪假,员工旅游,调薪调岗"
北京旷视科技有限公司,Face++,500-2000人,C轮,海淀区,Python工程师,1-3年,本科,20k-40k,"技术驱动,极客氛围,大牛团队"
北京源清慧虹信息科技有限公司,源清慧虹,50-150人,B轮,海淀区,高级python研发工程师,3-5年,本科,20k-30k,"二次医疗,健身场所,福利补助"
北京京东世纪贸易有限公司,京东集团,2000人以上,上市公司,朝阳区,python运维开发工程师,5-10年,本科,30k-60k,"五险一金,周末双休,免费班车,餐补"
便利蜂商贸有限公司,便利蜂,2000人以上,不需要融资,朝阳区,python工程师(J11548),3-5年,本科,25k-40k,五险一金
北京旷视科技有限公司,Face++,500-2000人,C轮,海淀区,python高级后端工程师,5-10年,本科,25k-50k,核心团队
北京乐信圣文科技有限责任公司,乐信圣文,50-150人,B轮,海淀区,Python开发工程师,1-3年,本科,10k-20k,"年终奖,免费工作餐,五险一金,高端医疗"
中电信用服务有限公司,中电信用,50-150人,未融资,海淀区,Python工程师,5-10年,本科,15k-25k,"五险一金,带薪年假,餐补车补,定期体检"
北京奇安信科技有限公司,360企业安全,2000人以上,不需要融资,朝阳区,python开发工程师,3-5年,本科,14k-26k,带薪年假 五险一金
达而观信息科技（上海）有限公司,达观数据,50-150人,B轮,海淀区,Python高级开发工程师,5-10年,本科,18k-36k,"团队技术强,发展空间大,人工智能"
国美金控投资有限公司,国美金控,2000人以上,未融资,朝阳区,python研发工程师,5-10年,本科,30k-40k,"大平台,新项目,领导卓越"
柔持（北京）科技有限公司,柔持英语,150-500人,B轮,朝阳区,Python开发工程师,3-5年,本科,20k-40k,"五险一金,pytho"
上海福萝电子科技有限公司,Cobo Wallet,15-50人,A轮,朝阳区,"Python, nodejs，golang工程师",3-5年,本科,30k-60k,"股权激励,成长空间,大牛团队,良好环境"
北京微步在线科技有限公司,微步在线,50-150人,B轮,海淀区,python开发工程师,3-5年,本科,15k-25k,"技术培训,绩效奖金"
北京币世界网络科技有限公司,币世界,150-500人,A轮,朝阳区,python工程师,3-5年,本科,17k-34k,"地铁周边,零食水果,福利优厚,五险一金"
北京知源智生信息科技有限公司,知源智生,50-150人,不需要融资,海淀区,python工程师,3-5年,本科,15k-30k,"领导好,学术氛围,免费零食,弹性工作"
上海一起作业信息科技有限公司,一起科技,500-2000人,D轮及以上,朝阳区,Python高级研发工程师(技术),不限,不限,15k-30k,"绩效奖金,带薪年假"
北京国双科技有限公司,Gridsum 国双,500-2000人,上市公司,海淀区,Python研发工程师,1-3年,本科,15k-25k,"六险一金,节日福利,带薪休假,餐补"
爱赛因斯（北京）科技有限公司,PMCAFF产品经理社区,15-50人,A轮,朝阳区,Python工程师,3-5年,本科,15k-30k,项目好
深度好奇（北京）科技有限公司,深度好奇,15-50人,天使轮,海淀区,Python工程师,不限,本科,12k-24k,"五险一金,快递晋升,扁平管理,年终奖"
北京旷视科技有限公司,Face++,500-2000人,C轮,海淀区,Python后端工程师,3-5年,本科,25k-50k,大牛多
北京一览科技有限公司,一览科技,150-500人,B轮,朝阳区,python开发工程师,3-5年,本科,20k-40k,福利优厚
北京字节跳动科技有限公司,字节跳动,2000人以上,C轮,海淀区,Python 研发工程师,3-5年,本科,25k-45k,六险一金，高薪期权，弹性工作，免费三餐，租房补贴，带薪休假，扁平管理，职业大牛，晋升空间
北京小龙虾科技有限公司,聚宽 JoinQuant,50-150人,B轮,朝阳区,python工程师,不限,本科,15k-25k,"免费中晚餐,下午茶,六险一金,扁平化管理"
北京云英传奇技术有限公司,CloudIn,50-150人,A轮,朝阳区,高级Python工程师,3-5年,本科,30k-40k,"大牛带队,绩效奖金,工程师文化,定期团建"
北京金山云网络技术有限公司,金山云,500-2000人,D轮及以上,海淀区,校招-Python/Golang研发工程师,不限,本科,10k-15k,"六险一金,技能培训,节日福利,免费三餐"
北京智合大方科技有限公司,客知音,15-50人,天使轮,东城区,资深python开发,不限,本科,35k-50k,"交通便利,领导大牛,晋升空间大,薪酬有吸引"
北京仁信智清科技有限公司,智清金科,50-150人,A轮,海淀区,Python,不限,本科,20k-35k,"领导好,大牛云集,薪资待遇,职业发展"
北京汉迪移动互联网科技股份有限公司,iHandy,150-500人,不需要融资,海淀区,Python开发实习生,应届毕业生,本科,5k-8k,"有大牛,有美女,有零食,有健身"
北京超盟数据科技有限公司,超盟数据,50-150人,A轮,海淀区,中级python开发工程师,3-5年,本科,20k-30k,"前沿领域,新市场,新机遇,新挑战"
上海微创软件股份有限公司北京分公司,微创,2000人以上,不需要融资,海淀区,python开发工程师-赴微软,1-3年,本科,10k-15k,"带薪年假,六险一金,年终奖金,弹性工作"
北京春雨天下软件有限公司,春雨医生,150-500人,C轮,海淀区,python,不限,本科,18k-36k,"弹性工作制,技术氛围好,感谢基金,精英团队"
中化石油有限公司,中化能源科技有限公司,500-2000人,不需要融资,海淀区,Python资深开发工程师,5-10年,本科,25k-40k,"三餐免费,交通补贴,通讯补贴"
北京慕华信息科技有限公司,学堂在线,150-500人,B轮,海淀区,Python工程师,3-5年,本科,15k-25k,来吧，与技术大牛过招吧！
北京趣拿软件科技有限公司,去哪儿网,2000人以上,不需要融资,海淀区,Python高级研发工程师-度假事业部(J11528),3-5年,本科,20k-40k,团队氛围融洽，帅哥美女多，年假多，年终奖
北京旷视科技有限公司,Face++,500-2000人,C轮,海淀区,高级Python后端工程师,3-5年,本科,25k-50k,大牛多
北京小龙虾科技有限公司,聚宽 JoinQuant,50-150人,B轮,朝阳区,python工程师,不限,本科,20k-35k,"免费中晚餐,下午茶,六险一金,扁平化管理"
北京汇行科技有限公司,妙计旅行,150-500人,B轮,东城区,Python开发工程师,1-3年,本科,10k-20k,"七险一金,14薪,提供三餐,晋升空间"
北京闪银奇异科技有限公司,闪银奇异,500-2000人,D轮及以上,朝阳区,Python 中高级工程师,3-5年,本科,25k-50k,"业务发展快,技术氛围浓,福利好,上升空间大"
北京棕榈创想科技有限公司,PALMAX,50-150人,A轮,海淀区,Python开发工程师,3-5年,本科,15k-25k,"14薪,技术新,大牛多,年度体检"
北京贝斯平云科技有限公司,Bespin,150-500人,B轮,朝阳区,高级Python开发工程师—CI/CD方向,3-5年,本科,20k-40k,"五险一金,创业公司,发展空间大,补充医疗"
上海微创软件股份有限公司北京分公司,微创,2000人以上,不需要融资,海淀区,Python工程师-赴微软小冰,1-3年,本科,8k-10k,"六险一金,带薪年假,节日福利,弹性工作"
深圳市麦达数字股份有限公司,麦达数字,500-2000人,上市公司,朝阳区,PYTHON研发工程师,3-5年,本科,25k-35k,"上市公司,五险一金,薪酬福利好,发展空间大"
企鹅创新（北京）科技有限公司,企鹅创新,50-150人,天使轮,朝阳区,Python工程师,3-5年,本科,15k-25k,"五险一金,带薪年假,午餐报销"
北京智水互娱科技有限公司,智水互娱,15-50人,不需要融资,东城区,Python开发工程师,1-3年,大专,20k-40k,"海外,高薪"
北京心跳时空科技有限公司,快爽,15-50人,A轮,朝阳区,Python 后端开发工程师,不限,本科,25k-35k,"公司有橘猫,产研是核心,团队正面刚,不甩锅"
北京乐途原动力科技发展有限公司,北京乐途原动力,50-150人,未融资,朝阳区,python 高级工程师,3-5年,大专,20k-35k,"十五薪,打车补贴,双月奖金"
北京汉迪移动互联网科技股份有限公司,iHandy,150-500人,不需要融资,海淀区,Python架构师,5-10年,本科,35k-60k,"硅谷范办公,六险一金,水果零食,团队氛围佳"
北京南天软件有限公司,南软,500-2000人,上市公司,海淀区,Python开发工程师,3-5年,本科,10k-18k,"五险一金,年终奖金,带薪年假,交补话补"
北京汇游科技有限公司,汇游科技,15-50人,不需要融资,朝阳区,初级Python开发工程师,3-5年,本科,10k-15k,"五险一金,全勤奖,餐补,年终奖金"
北京小龙虾科技有限公司,聚宽 JoinQuant,50-150人,B轮,朝阳区,python研发工程师,1-3年,本科,20k-25k,"扁平化管理,免费中午餐,下午茶零食,六险一金"
上海微创软件股份有限公司北京分公司,微创,2000人以上,不需要融资,海淀区,Python开发,不限,本科,10k-13k,"大公司,六险一金,人工智能,班车食堂"
北京爱选信息科技有限公司,爱选科技,少于15人,天使轮,朝阳区,Python开发工程师,3-5年,本科,15k-25k,"金融科技类,公司氛围好"
北京贝斯平云科技有限公司,Bespin,150-500人,B轮,朝阳区,Python开发工程师—监控方向,3-5年,本科,15k-30k,"五险一金,创业公司,补充医疗,带薪年假"
北京车之家信息技术有限公司,汽车之家,2000人以上,上市公司,海淀区,Python开发工程师,3-5年,本科,15k-25k,平台好，发展空间大
人人贷商务顾问（北京）有限公司,人人贷,2000人以上,A轮,海淀区,Python开发高级工程师,3-5年,本科,30k-60k,"五险一金,节假日礼金,竞争力薪酬"
北京摩尔妈咪网络科技有限公司,摩尔妈妈,15-50人,A轮,朝阳区,高级python开发工程师,3-5年,本科,15k-30k,"大牛带队,注重成长,季度奖金,免费午餐"
厦门美柚信息科技有限公司,美柚,500-2000人,D轮及以上,朝阳区,资深python开发工程师,5-10年,本科,20k-40k,"福利好,发展快"
北京数美时代科技有限公司,数美,150-500人,B轮,朝阳区,python研发工程师,1年以下,硕士,15k-30k,"飞速发展,技术氛围浓,大牛担任导"
遨游酒店信息技术(深圳)有限责任公司,遨游酒店信息技术(深圳)有限责任公司,500-2000人,不需要融资,朝阳区,高级Python研发工程师,3-5年,本科,15k-30k,"弹性上下班,高速发展,高速成长"
北京火币天下网络技术有限公司,火币网,150-500人,A轮,海淀区,python高级工程师,不限,本科,20k-30k,"区块链行业,行业领头羊,团队优秀,牛人大拿"
北京智者天下科技有限公司,知乎,500-2000人,D轮及以上,海淀区,Python 3 开发 (MJ000552),1-3年,本科,20k-35k,"三餐,健身房,mac"
北京猎户星空科技有限公司,猎户星空,500-2000人,A轮,朝阳区,Python工程师,1-3年,本科,10k-20k,"空间大,机会多,福利好"
紫梧桐（北京）资产管理有限公司,蛋壳公寓,2000人以上,B轮,东城区,Python开发工程师,5-10年,本科,20k-40k,技术大牛团
北京国双科技有限公司,Gridsum 国双,500-2000人,上市公司,海淀区,资深Python研发工程师,3-5年,本科,20k-40k,"上市公司,六险一金,发挥空间,团队氛围"
上海微创软件股份有限公司北京分公司,微创,2000人以上,不需要融资,海淀区,python（赴百度）,1-3年,本科,11k-18k,"大厂经验,班车食堂,六险一金"
北京车之家信息技术有限公司,汽车之家,2000人以上,上市公司,海淀区,python工程师,3-5年,本科,15k-25k,"平台好,发展空间大"
北京摩尔妈咪网络科技有限公司,摩尔妈妈,15-50人,A轮,朝阳区,python开发工程师,1-3年,本科,10k-20k,"大牛带队,注重成长,季度奖金,免费午餐"
北京智者天下科技有限公司,知乎,500-2000人,D轮及以上,海淀区,Python 开发工程师,1-3年,本科,18k-36k,健康三餐 免费健身游泳 大牛团队
北京源石智影科技有限公司,智影,50-150人,不需要融资,朝阳区,高级python开发工程师,5-10年,本科,20k-40k,"朝阳行业,平台广阔,技术大牛,福利丰厚"
上海一起作业信息科技有限公司,一起科技,500-2000人,D轮及以上,朝阳区,python高级研发工程师（中学业务）,3-5年,本科,20k-40k,"绩效奖金,带薪年假,定期体检,年度旅游"
小小黛朵（北京）科技有限公司,花生米富,150-500人,B轮,海淀区,python工程师,3-5年,大专,16k-20k,九险一金
北京缔联科技有限公司,缔联科技,50-150人,B轮,海淀区,Python开发工程师,3-5年,本科,10k-20k,"周末双休,法定节假日,六险一金,年底双薪"
北京字节跳动科技有限公司,字节跳动,2000人以上,C轮,海淀区,Python开发工程师-变现业务,1-3年,本科,25k-40k,六险一金，弹性工作，免费三餐，租房补贴，带薪休假，休闲下午茶，扁平管理，健身瑜伽，过亿用户，职业大牛，晋升空间，团队氛围好，优厚薪资
北京优虎商务服务有限公司,老虎证券,150-500人,C轮,朝阳区,Python开发工程师,1-3年,本科,20k-35k,"六险一金,绩效奖金,发展空间大,股票期权"
北京大米未来科技有限公司,VIPKID,2000人以上,D轮及以上,朝阳区,Python开发工程师,3-5年,本科,18k-35k,"住房补贴,优厚待遇,福利多,专属班车"
柔持（北京）科技有限公司,柔持英语,150-500人,B轮,朝阳区,Python后端开发工程师,1-3年,本科,20k-30k,"交通方便,弹性时间,不加班"
上海诚信互通网络信息科技有限公司,诚信互通,150-500人,A轮,海淀区,Python研发工程师,3-5年,大专,15k-30k,五险一金
北京博派通达科技有限公司,博派通达,50-150人,A轮,朝阳区,Python开发工程师,3-5年,不限,15k-30k,"不限量零食,福利多多,年终奖,办公环境好"
北京步鼎方舟科技有限公司,微车,150-500人,C轮,海淀区,Python架构师,5-10年,本科,30k-60k,带薪年假、五险一金、一日三餐、定期体检
北京优虎商务服务有限公司,老虎证券,150-500人,C轮,朝阳区,Python工程师,3-5年,本科,18k-35k,"6险一金,弹性工作,团队好,氛围轻松"
京东金融,京东金融,2000人以上,上市公司,大兴区,高级Python开发工程师,5-10年,本科,20k-40k,"班车,餐补"
上海一起作业信息科技有限公司,一起科技,500-2000人,D轮及以上,朝阳区,python高级开发工程师（技术）,3-5年,本科,25k-50k,"独角兽,待遇好"
南京绛门信息科技股份有限公司,绛门科技,500-2000人,未融资,朝阳区,Python,3-5年,大专,12k-22k,"五险一金,带薪年假,定期体检,员工旅游"
亚马逊卓越有限公司,Amazon,500-2000人,不需要融资,朝阳区,Python Developer,3-5年,本科,25k-50k,"硅谷文化,产品影响力,团队大牛"
掌阅科技股份有限公司,掌阅,500-2000人,上市公司,朝阳区,Python研发工程师（中高级）,3-5年,本科,15k-25k,"管理扁平化,发展机会佳,薪资待遇好"
信永中和会计师事务所（特殊普通合伙）,信永中和,2000人以上,不需要融资,东城区,Python开发工程师,3-5年,本科,15k-25k,"环境好,不加班,大公司"
北京奥鹏远程教育中心有限公司,慕课网,50-150人,不需要融资,海淀区,python讲师,3-5年,不限,18k-36k,"领导好,奖金多,行业翘楚,无限可能"
北京天广汇通科技有限公司,天广汇通,50-150人,不需要融资,海淀区,python开发工程师,3-5年,本科,15k-25k,软件工程师
北京贝斯平云科技有限公司,Bespin,150-500人,B轮,朝阳区,Python开发工程师（运维开发）,3-5年,本科,15k-30k,"五险一金,位置便利,成长空间,弹性工作"
北京闪银奇异科技有限公司,闪银奇异,500-2000人,D轮及以上,朝阳区,中高级Python开发,3-5年,本科,18k-36k,"团队牛人多,年终奖丰厚,晋升调薪,全五险一金"
安一恒通（北京）科技有限公司,度小满金融,500-2000人,A轮,海淀区,Python工程师,1-3年,本科,15k-30k,"技术过硬,经验丰富"
北京小度互娱科技有限公司,百度视频,150-500人,B轮,海淀区,Python开发工程师,3-5年,本科,15k-25k,"团队优秀,福利优厚"
京东商城-技术研发体系-大数据部,京东商城研发部,2000人以上,上市公司,大兴区,Python,5-10年,本科,30k-50k,"行业前沿,部门直招,核心加班,核心团队"
北京快松果科技有限公司,松果出行,150-500人,C轮,朝阳区,高级Python开发工程师,3-5年,本科,30k-45k,"大牛多,快速发展期,业务好,17薪"
北京贝斯平云科技有限公司,Bespin,150-500人,B轮,朝阳区,高级Python开发工程师—监控方向,3-5年,本科,20k-40k,"创业公司,补充医疗,五险一金,带薪休假"
视觉（中国）文化发展股份有限公司北京分公司,视觉中国,150-500人,上市公司,朝阳区,python开发工程师,3-5年,本科,15k-25k,"上市公司,六险一金,带薪年假,绩效奖金"
北京中公教育科技股份有限公司,中公教育,2000人以上,未融资,海淀区,Python助理讲师,1-3年,本科,7k-10k,"五险一金,年底奖金"
北京慕华信息科技有限公司,学堂在线,150-500人,B轮,海淀区,Python开发工程师,3-5年,本科,15k-25k,股票期权，五险一金，交补餐补，零食水果
北京众安天下科技有限公司,众安天下 allsec,15-50人,天使轮,海淀区,Python开发工程师,3-5年,本科,20k-30k,"五险一金,带薪年假,免费体检,零食管饱"
北京步鼎方舟科技有限公司,微车,150-500人,C轮,海淀区,Python高级数据工程师,3-5年,本科,20k-30k,"五险一金,一日三餐,带薪年假,定期体检"
北京心跳时空科技有限公司,快爽,15-50人,A轮,朝阳区,Python开发工程师（后端）,1-3年,本科,20k-30k,"大牛坐镇,天花板高,协作效率高,成长力爆炸"
北京企名片科技有限公司,企名片,50-150人,A轮,海淀区,Python研发工程师,应届毕业生,本科,7k-12k,"环境位置好,90后团队,技术成长快,待遇从优"
北京闪银奇异科技有限公司,闪银奇异,500-2000人,D轮及以上,朝阳区,高级python开发工程师,5-10年,本科,28k-45k,"七险一金,免费健身,年轻化,不打卡"
上海谦问万答吧云计算科技有限公司,学霸君,2000人以上,C轮,朝阳区,Python研发工程师,3-5年,本科,20k-35k,地铁周边
北京智融时代信息技术有限公司,智融集团,150-500人,C轮,海淀区,高级Python开发工程师,3-5年,本科,25k-45k,"优秀团队,科技金融,六险一金,工作居住证"
北京源石智影科技有限公司,智影,50-150人,不需要融资,朝阳区,python开发工程师,1-3年,本科,15k-20k,"朝阳行业,平台广阔,技术大牛,福利丰厚"
北京智者天下科技有限公司,知乎,500-2000人,D轮及以上,海淀区,资深Python开发,5-10年,本科,30k-45k,"三餐,健身房,mac"
达内时代科技集团有限公司,达内集团,2000人以上,上市公司,海淀区,Python高级开发工程师 (MJ003815),3-5年,本科,15k-25k,"股权激励,上市平台,发展空间,大平台"
北京厨芯科技有限公司,厨芯科技,150-500人,A轮,朝阳区,Python开发工程师,3-5年,本科,15k-30k,"高速成长,扁平管理"
北京中公教育科技股份有限公司,中公教育,2000人以上,未融资,海淀区,Python研发编辑,1-3年,本科,15k-25k,"五险一金,年终奖金"
北京多贝兄弟信息技术有限公司,多贝网,50-150人,上市公司,海淀区,python开发,应届毕业生,本科,10k-20k,"六险一金,免费午餐,极客氛围,薪资高"
安一恒通（北京）科技有限公司,度小满金融,500-2000人,A轮,海淀区,python工程师,1-3年,本科,15k-30k,弹性工作制
北京奥鹏远程教育中心有限公司,慕课网,50-150人,不需要融资,海淀区,Python助教,1-3年,本科,6k-8k,"空间无限大,领导好,团队优秀,团队氛围好"
北京优虎商务服务有限公司,老虎证券,150-500人,C轮,朝阳区,python开发工程师,1-3年,本科,20k-40k,"加班少,福利好"
北京第三石科技发展有限公司,第三石科技,50-150人,B轮,朝阳区,Python开发工程师,3-5年,本科,15k-30k,"前沿技术,丰富下午茶,弹性工作,扁平管理"
北京高域海汇科技有限公司,高域海汇,50-150人,不需要融资,朝阳区,Python开发工程师,3-5年,本科,12k-18k,"五险一金,绩效奖金,餐补"
北京雷石世纪科技有限公司,北京雷石公司,150-500人,A轮,朝阳区,Python工程师,1-3年,大专,10k-20k,"补充医疗险,弹性工作制"
北京世纪好未来教育科技有限公司,好未来,2000人以上,上市公司,,家长帮-Python/Django web开发工程师,3-5年,本科,20k-35k,上市公司，六险一金，住房无息，福利待遇好
北京汇游科技有限公司,汇游科技,15-50人,不需要融资,朝阳区,中高级Python开发工程师,3-5年,本科,20k-30k,"五险一金,全勤奖,餐补,年终奖金"
北京墨迹风云科技股份有限公司,墨迹天气,150-500人,C轮,朝阳区,Python开发工程师,3-5年,本科,15k-25k,"5亿用户,六险一金"
非凡维格（北京）信息科技有限公司,Weego Travel,50-150人,B轮,朝阳区,Python高级工程师-服务器端,3-5年,本科,25k-50k,"国际产品,带薪年假,弹性工作,开放办公"
北京格上添富科技发展有限公司,格上添富,150-500人,不需要融资,朝阳区,Python研发工程师,3-5年,本科,13k-25k,弹性工作，扁平化管理，零食水果
上海裕木信息科技有限公司,裕木科技,50-150人,未融资,朝阳区,资深python工程师,5-10年,本科,35K-70K,"行业前景好,顶级团队,薪资高,产品业绩好"
北京下厨房科技有限公司,下厨房,50-150人,B轮,海淀区,Python开发工程师,1-3年,本科,15k-25k,"带薪年假多,免费午餐,弹性工作制,工作氛围佳"
